<?xml version="1.0" encoding="UTF-8"?>

<project name="build-web" default="_packaging_generation_">

	<property name="jboss.home" value="C:/Desenvolvimento/opensource/jboss-5.1.0.GA/jboss-5.1.0.GA" />
	<property name="tomcat.web" value="D:/Tomcat 6.0" />
	<property name="projeto.webservice" value="Vendas_3_0_WebService" />
	<property name="jboss.server.config" value="default" />
	<property name="build.artifact.ejb" value="VendaEJB.jar" />
	<property name="build.artifact.war" value="VendaWeb.war" />
	<property name="src" location="src"/>
	<property name="bin" location="bin"/>

	<target name="_packaging_generation_" depends="delete, delegate, dto, vo, locator, exception, log, util, client, web" />


	<target name="delete">
		<delete dir="${jboss.home}/server/default/tmp" />		
		<delete dir="${tomcat.web}/webapps/VendaWeb" />
		<delete file="${tomcat.web}/webapps/VendaWeb.war" />
		<delete file="${tomcat.web}/conf/Catalina/localhost/VendaWeb.xml" />
		
		<delete file="VendaDelegate.jar" />
		<delete file="VendaDTO.jar" />
		<delete file="VendaEJB-client.jar" />
		<delete file="VendaEJB.jar" />
		<delete file="VendaException.jar" />
		<delete file="VendaLocator.jar" />
		<delete file="VendaLog.jar" />
		<delete file="VendaUtil.jar" />
		<delete file="VendaVO.jar" />
		<delete file="VendaWeb.jar" />
		<delete file="../build/Venda-App.ear" />
		
		<delete file="${jboss.home}/server/${jboss.server.config}/deploy/${build.artifact.ejb}" />
	</target>

	<target name="delegate" description="VendaDelegate.jar">
		<jar destfile="VendaDelegate.jar">
			<zipfileset dir="bin" includes="br/com/exemplo/vendas/apresentacao/delegate/*.class, br/com/exemplo/vendas/apresentacao/service/*.class" />
		</jar>
	</target>

	<target name="dto" description="VendaDTO.jar">
		<jar destfile="VendaDTO.jar">
			<zipfileset dir="bin" includes="br/com/exemplo/vendas/util/dto/*.class" />
		</jar>
	</target>

	<target name="vo" description="VendaVO.jar">
		<jar destfile="VendaVO.jar">
			<zipfileset dir="bin" includes="br/com/exemplo/vendas/negocio/model/vo/*.class" />
		</jar>
	</target>

	<target name="locator" description="VendaLocator.jar">
		<jar destfile="VendaLocator.jar">
			<zipfileset dir="src" prefix="">
				<include name="config/portallog.properties" />
				<include name="config/sl-providers.xml" />
				<include name="config/sl-services.xml" />
			</zipfileset>
			<zipfileset dir="bin" includes="br/com/exemplo/vendas/util/locator/*.class" />
		</jar>
	</target>

	<target name="exception" description="VendaException.jar">
		<jar destfile="VendaException.jar">
			<zipfileset dir="bin" includes="br/com/exemplo/vendas/util/exception/*.class" />
		</jar>
	</target>

	<target name="log" description="VendaLog.jar">
		<jar destfile="VendaLog.jar">
			<zipfileset dir="bin" includes="br/com/exemplo/vendas/util/log/*.class" />
		</jar>
	</target>

	<target name="util" description="VendaUtil.jar">
		<jar destfile="VendaUtil.jar">
			<zipfileset dir="bin" includes="br/com/exemplo/vendas/util/*.class" />
		</jar>
	</target>

	<target name="client" description="VendaEJB-client.jar">
		<jar destfile="VendaEJB-client.jar">
			<zipfileset dir="bin" includes="br/com/exemplo/vendas/negocio/interfaces/*.class, br/com/exemplo/vendas/negocio/ejb/interfaces/*.class," />
		</jar>
	</target>

	<target name="web" description="VendaWeb.war">
		<jar destfile="VendaWeb.war">
			<zipfileset dir="WebContent/WEB-INF" prefix="WEB-INF">
				<include name="web.xml" />
			</zipfileset>
			<zipfileset dir="WebContent/META-INF" prefix="META-INF">
				<include name="context.xml" />
			</zipfileset>
			<zipfileset dir="." prefix="WEB-INF/lib">
				<include name="VendaEJB-client.jar" />
			</zipfileset>
			<zipfileset dir="." prefix="WEB-INF/lib">
				<include name="VendaVO.jar" />
			</zipfileset>
			<zipfileset dir="." prefix="WEB-INF/lib">
				<include name="VendaDTO.jar" />
			</zipfileset>
			<zipfileset dir="." prefix="WEB-INF/lib">
				<include name="VendaLocator.jar" />
			</zipfileset>
			<zipfileset dir="." prefix="WEB-INF/lib">
				<include name="VendaException.jar" />
			</zipfileset>
			<zipfileset dir="." prefix="WEB-INF/lib">
				<include name="VendaLog.jar" />
			</zipfileset>
			<zipfileset dir="." prefix="WEB-INF/lib">
				<include name="VendaUtil.jar" />
			</zipfileset>
			<zipfileset dir="WebContent/WEB-INF/lib" prefix="WEB-INF/lib" includes="*.jar" />
			<zipfileset dir="bin" prefix="WEB-INF/classes" includes="br/com/exemplo/vendas/apresentacao/web/*.class, br/com/exemplo/vendas/apresentacao/web/mb/*.class, br/com/exemplo/vendas/apresentacao/delegate/*.class, br/com/exemplo/vendas/apresentacao/service/*.class, br/com/exemplo/vendas/apresentacao/actions/*.class" />
			<zipfileset dir="docroot" />
		</jar>
		<copy file="${build.artifact.war}" todir="${tomcat.web}/webapps" />
	</target>

</project>